Zhabinka	Brest	5602690	8	10921	52.1984	24.0115
Zhalantun	Hulunbuir Region, Inner Mongolia	161800	6	132224	48.00945	122.73651
Zhaludok	Grodnenskaya	5598163	8	1017	53.5974	24.9828
Zhamog	Nyingchi Prefecture, Tibet	12339483	8	0	29.86653	95.75903
Zhamog	Nyingchi Prefecture, Tibet	2734498	6	0	29.86653	95.75903
Zhanggu	Garze Zangzu Zizhizhou, Sichuan	2785520	6	0	30.86875	101.88848
Zhangguizhuang	Tianjin Municipality, Tianjin	3286888	6	0	39.0902	117.30719
Zhangjiachuan	Tianshui Shi, Gansu	2697476	6	62497	34.98756	106.20902
Zhangjiagang	Suzhou Shi, Jiangsu	4591596	6	1432044	31.865	120.53889
Zhangjiajie	Zhangjiajie Shi, Hunan	3152587	6	441804	29.12944	110.47833
Zhangjiajie	Zhangjiajie Shi, Hunan	3152588	5	441804	29.12944	110.47833
Zhangjiang	Changde Shi, Hunan	3152417	6	0	28.91103	111.4799
Zhangjiapan	Yulin Shi, Shaanxi	3016346	6	0	37.60157	108.79702
Zhangping	Longyan Shi, Fujian	3144723	6	0	25.29513	117.41464
Zhangwan	Xiangyang, Hubei	3216587	6	0	32.08326	112.16667
Zhangyelu	Lanzhou Shi, Gansu	2701972	6	0	36.05752	103.82269
Zhangzhou	Zhangzhou Shi, Fujian	3242122	5	589831	24.51333	117.65556
Zhangzi	Liaoning	9660453	8	13808	39.03005	122.72916
Zhanjiang	Zhanjiang Shi, Guangdong	3484419	5	1400709	21.23391	110.38749
Zhaobaoshan	Zhejiang	11242986	8	61979	29.9695	121.68753
Zhaobaoshan	Zhejiang	4571619	6	61979	29.9695	121.68753
Zhaodong	Suihua Shi, Heilongjiang	10712461	8	154406	46.05223	125.9552
Zhaodong	Suihua Shi, Heilongjiang	2755375	6	154406	46.05223	125.9552
Zhaojia	Chongqing	12296603	8	3616	29.26616	107.54954
Zhaoqing	Zhaoqing Shi, Guangdong	3205802	5	1553109	23.04893	112.46091
Zhaoren	Xianyang Shi, Shaanxi	3221007	6	0	35.20667	107.79139
Zhaosu	Ili Kazak Zizhizhou, Xinjiang	2751499	6	0	43.12278	81.07583
Zhaoxian	Nanchang Shi, Jiangxi	4682020	8	0	28.70618	115.73617
Zhaoyu	Jinzhong Shi, Shanxi	3441290	6	0	37.35528	112.31667
Zhaoyuan	Yantai Shi, Shandong	5654933	6	120000	37.36497	120.40997
Zharrez	Fier	1251506	8	0	40.70917	19.64972
Zhdanovichy	Minsk	67703	10	5000	53.9432	27.425
Zhdanovichy	Minsk	6878680	10	5000	53.9432	27.425
Zhdeniyevo	Transcarpathia	4596242	9	1102	48.7734	22.97228
Zhengdonglu	Zhenjiang Shi, Jiangsu	5670794	6	0	32.19278	119.4705
Zhengyang	Chongqing	8169459	8	12998	29.45873	108.7873
Zhengzhou	Zhengzhou Shi, Henan	3283765	5	4253913	34.75778	113.64861
Zhenjiang	Zhenjiang Shi, Jiangsu	3429680	5	950516	32.21086	119.45508
Zhenyuan Chengguanzhen	Qingyang Shi, Gansu	2696691	6	0	35.6775	107.19639
Zhenzhou	Yangzhou Shi, Jiangsu	14361865	8	176006	32.28034	119.16999
Zhenzhou	Yangzhou Shi, Jiangsu	5669512	6	176006	32.28034	119.16999
Zhepe	Rrethi i Skraparit, Berat	1252293	8	0	40.67778	20.28694
Zherong	Ningde Shi, Fujian	3277233	6	0	27.24	119.89444
Zhicheng	Huzhou Shi, Zhejiang	3149734	6	63753	31.00751	119.90851
Zhifang	Wuhan Shi, Hubei	3080417	6	0	30.35	114.31667
Zhihe	Linfen Shi, Shanxi	3285988	6	0	36.77996	110.63956
Zhiqing Songduo	Golog Tibetan Autonomous Prefecture, Qinghai	4495623	6	0	33.43333	101.43333
Zhirovichi	Grodnenskaya	7526394	10	1800	53.0131	25.3443
Zhitikara	Qostanay	5524713	8	43104	52.19019	61.19894
Zhlobin	Gomel Oblast	5598358	8	73089	52.8926	30.024
Zhmerynka	Zhmerynka Raion, Vinnytsya Oblast	2773264	9	34498	49.03523	28.11405
Zhongcheng	Zhaotong Shi, Yunnan	2402649	6	0	28.59103	103.93958
Zhongduo	Chongqing	2693035	6	0	28.8466	108.76416
Zhonggulou	Chongqing	5692264	8	85873	30.82491	108.38413
Zhonghe	Chongqing	2693034	6	105003	28.45049	108.98901
Zhonghualu	Dingxi Shi, Gansu	4420903	6	0	35.60525	104.59668
Zhongshan	Zhongshan Prefecture, Guangdong	3464878	5	3841873	22.52306	113.37912
Zhongshanlu	Chongqing	2693404	6	0	29.35695	105.90435
Zhongtang	Chongqing	8178571	8	11324	29.61107	108.82546
Zhongyi	Chongqing	12295011	8	5434	30.09449	108.3309
Zhongyuanlu	Puyang Shi, Henan	3060561	6	0	35.76847	115.06133
Zhongzhou	Chongqing	2692021	6	0	30.29493	108.03372
Zhoubai	Chongqing	8169460	8	25147	29.52949	108.82267
Zhoujiaba	Chongqing	5692265	8	88494	30.84349	108.36642
Zhoukou	Zhoukou Shi, Henan	3284144	5	505171	33.63333	114.63333
Zhoushan	Zhoushan Shi, Zhejiang	3308118	6	882932	29.98869	122.20488
Zhoushan	Zhoushan Shi, Zhejiang	3308121	5	882932	29.98869	122.20488
Zhouxi	Chongqing	14057253	8	4873	31.81665	108.47741
Zhouzhuang	Suzhou Shi, Jiangsu	7783377	8	22000	31.11788	120.84427
Zhovkva	Lviv Oblast	7992879	9	12973	50.05825	23.9726
Zhowagoin	Nyingchi Prefecture, Tibet	12339496	8	0	28.6591	97.45065
Zhuangyuan	Yantai Shi, Shandong	5654957	6	79106	37.30553	120.82747
Zhubei	Hsinchu County, Taiwan	2912442	8	0	24.83833	121.00778
Zhufo	Chongqing	12287047	8	10671	29.22153	108.49694
Zhuhai	Zhuhai Shi, Guangdong	3464829	5	2207090	22.27694	113.56778
Zhuji	Shaoxing Shi, Zhejiang	3058332	6	110721	29.71877	120.24233
Zhujiajiao	Shanghai Municipality, Shanghai	12979869	8	60000	31.10757	121.05696
Zhumadian	Zhumadian Shi, Henan	3259366	5	721670	32.97944	114.02944
Zhuoluo	Gannan Zangzu Zizhizhou, Gansu	6389980	8	2100	34.73212	103.33974
Zhuoshui	Chongqing	8174962	8	20386	29.30309	108.7702
Zhuozishan	Wulanchabu Shi, Inner Mongolia	10473967	8	0	40.89917	112.56028
Zhuozishan	Wulanchabu Shi, Inner Mongolia	2752976	6	0	40.89917	112.56028
Zhuravno	Lviv Oblast	7970807	9	3358	49.25928	24.28403
Zhushan	Chongqing	14077181	8	16331	30.73294	108.27419
Zhushan	Enshi Tujiazu Miaozu Zizhizhou, Hubei	2984074	6	0	29.99452	109.47907
Zhuzhou	Zhuzhou Shi, Hunan	2972720	5	1129687	27.83333	113.15
Zhydachiv	Lviv Oblast	7100561	9	0	49.38315	24.13938
Zhytkavichy	Gomel Oblast	5598580	8	13630	52.2168	27.8561
Zhytomyr	Zhytomyr City Amalgamated Territorial Commmunity, Zhytomyr	2692156	9	263507	50.26487	28.67669
